,0
dataset_Switzerland,2.00563537661141
cp_asymptomatic,0.9970215213064744
ca,0.6268243135556824
sex_Male,0.585918285196397
slope_flat,0.5742070325878786
exang_True,0.5573850043977047
oldpeak,0.5394914927879186
thal_reversable defect,0.41633513334983285
chol,0.21224593216334622
age,0.16163804537421486
restecg_lv hypertrophy,0.10682867658966244
fbs_True,0.10526633751220016
restecg_st-t abnormality,0.06933317015911267
trestbps,0.05737863704167234
thal_fixed defect,0.05259789288661939
dataset_VA Long Beach,0.027824924685532017
fbs_False,-0.033490849885707254
cp_typical angina,-0.04817144061947714
restecg_normal,-0.1043863591222824
cp_non-anginal,-0.10699578810264737
slope_upsloping,-0.1998424891149786
thalch,-0.20285171639145533
slope_downsloping,-0.30258905584640766
thal_normal,-0.3971575386099594
exang_False,-0.4856095167712121
sex_Female,-0.5141427975699052
cp_atypical angina,-0.7700788049578565
dataset_Hungary,-0.7990179473777743
dataset_Cleveland,-1.1626668662926778
